"Landmark","p_X","p_Y"
"LM 1",0.00630163641623102,0.803774221958946
"LM 2",0.931159393484404,0.939909097690475
"LM 3",0.800716557183426,0.319861910653235
"LM 10",0.170473933816115,0.331645228159674
"LM 17",0.0216804638145989,0.471674833611006
"LM 18",0.397402216130739,0.332209481136914
